organisation id,name,website,country,founded,category,number of employees,median Salary,profits in 2020(million),profits in 2021(million)
4eb9d3e5cf79b91,bernard payne and spencer,http://williamson.net/,afghanistan,1990,transportation,730,4852,4871758,11649999
bba52b87bb6a32f,king inc,https://www.fry.org/,afghanistan,1985,apparel,6819,4422,7368292,1666514
8a9190a50adf241,riddle leach and gould,http://brown.biz/,afghanistan,1991,apparel,3695,4817,2135571,637754
3d41753aadac2fb,mueller group,https://www.nichols.com/,albania,1972,apparel,956,2733,7033750,2290983
91ba1665eeb4d22,cohen saunders and curtis,https://todd.com/,albania,1972,apparel,1999,2411,3025865,5669618
aac4f9abf86eaef,orr-armstrong,https://www.chapman.net/,algeria,1970,transportation,7994,4663,387042,10612708
27fbc78271f3aa2,chambers-kemp,http://cooley-murphy.com/,algeria,2021,accounting,4288,3221,4122822,11320996
b715731fa4a6cdb,rojas andrews and odonnell,http://www.wells-harrison.org/,algeria,1981,accounting,6429,2733,742313,7947410
df66e70fae1aa5d,barnett-randolph,http://donaldson.com/,algeria,1998,accounting,7518,2187,7897829,7938251
a3b8d27d51aae2f,hanson newman and bradley,http://www.shepherd.com/,algeria,2021,accounting,2135,2131,3954770,1388391
bec776b6c8ce1ac,potter murillo and garza,https://www.bruce.com/,algeria,1977,music,1552,2765,6066845,2115109
38df1aedef8e004,holden-wolf,https://flynn-hartman.org/,algeria,1996,music,5416,3492,6249495,9010297
acc61a49398bdd4,collier-howe,http://pratt.com/,algeria,1972,music,1416,4444,6998920,7849261
2fab6dad4afe024,marquez-blankenship,https://nolan.net/,algeria,1989,music,8562,3313,5851000,3687241
a1c2b67b5a01adf,boyd llc,https://herrera.com/,algeria,1975,transportation,159,2263,6785288,5781194
2ecb7041dc2adf1,leon kaufman and richmond,https://www.madden.com/,algeria,1983,apparel,3321,3676,8163338,4398575
dffc100fccdc16d,parker garza and mcintosh,https://www.luna.com/,algeria,1972,apparel,7720,2666,5798027,5303896
bfa9a7d5cd3ea2c,lowe llc,https://padilla-gardner.info/,algeria,1971,apparel,7249,4044,731518,5668124
fcdbf9ac5f68eaa,sanford llc,http://ramirez.biz/,algeria,1980,computer hardware,3512,2742,2659072,4971125
6f442e8596b4b4e,michael-lee,https://www.trevino.com/,algeria,2004,computer hardware,8506,4430,3196958,6544245
5a3d438bd544b85,thompson ltd,http://www.berry.com/,algeria,1980,computer hardware,6676,3912,3810950,6506858
bde405d2e490ebe,salazar-hanson,https://www.berry.com/,algeria,1988,biotechnology,92,4092,7902634,10918403
3c08339af3bb8c8,medina-wells,https://flynn.com/,algeria,1986,biotechnology,8575,4977,2031114,2772339
6ea03577dc2f3c3,collins group,http://clay.info/,algeria,2002,computer hardware,6644,2899,3890298,5111819
c494abe0cdb9c70,gonzales inc,http://lara.org/,angola,2019,computer hardware,2252,3071,2413656,11744207
c7afe1e7295d09a,roth and sons,http://durham.com/,angola,1994,computer hardware,311,4492,7253077,6716708
bd5e1a9a3f0f95a,riddle-griffith,http://boyd.com/,angola,1972,apparel,1213,4630,1813483,6674272
ec0e323acd42b6e,miles inc,https://douglas.info/,angola,1999,apparel,3250,2016,5910536,5146861
e4c640af4aa845a,reed group,http://herrera-carroll.info/,angola,1976,apparel,4531,3518,5116927,1614429
bf0ebca305efbe4,houston-ayala,https://burns.com/,anguilla,2020,apparel,4704,4079,260992,10611180
ecb7aae9a6cb36d,skinner plc,https://spears.com/,anguilla,2006,apparel,485,3711,7066362,7985966
3deebf49bd2fce7,tucker rocha and bonilla,http://www.ryan.org/,anguilla,2016,apparel,8125,4998,7388283,2337980
9f8efb3d03193db,cortez llc,http://woodard.com/,anguilla,1972,apparel,9056,3274,7207165,1185597
27eab75ce19c101,castro moses and wolfe,https://lowery.com/,anguilla,1997,apparel,2878,3500,1934242,10676250
0a3ca1e9c01baae,barber llc,http://roth-riley.com/,anguilla,1998,apparel,1021,3665,3111696,9489669
7ade1d82d2ac863,ochoa-mason,http://calderon.biz/,anguilla,2011,biotechnology,7205,4347,2677843,6434443
bf1cc30febed38c,guzman plc,http://marsh-callahan.info/,anguilla,1987,biotechnology,481,2686,7061608,6429122
ee4aa1dc0265e0e,dennis-bridges,https://www.woods.com/,anguilla,1991,computer hardware,648,2754,4568711,8400105
ffdb822c7597c10,morrow-lawson,http://www.mann.net/,anguilla,2009,computer hardware,3925,4685,2110498,9617699
f801bac42f9ac1f,rowland group,http://www.sutton-reynolds.com/,anguilla,2000,computer hardware,4998,2416,1949176,849705
244f2bdbb45dcbc,wiley and sons,https://huerta.com/,anguilla,1994,transportation,6177,4118,771808,4778863
50d48830dc9a8ac,soto-perry,http://www.hester-gibson.com/,anguilla,1992,transportation,7286,3859,2716343,10145042
beef0bf7cabe089,macdonald group,https://gutierrez-robles.com/,anguilla,2016,transportation,778,2695,1396139,1713029
9eeb46cbf04eeff,beltran flores and kelley,http://www.mcclain.org/,argentina,1970,transportation,1371,3152,7935853,11274116
3ed7b5f7c7f2bfe,cline inc,https://randolph.com/,argentina,2009,transportation,8887,4925,6645874,10674655
6aa8ef34dceed25,holt morris and delgado,https://www.skinner.com/,argentina,1999,transportation,7672,3899,4994827,7898676
d0b5d62f4ba941f,rowe-horton,http://www.oneal.com/,argentina,2007,transportation,5422,4976,8819793,3054956
ecedfb72daeebbc,mullins castaneda and bernard,https://www.sampson.com/,argentina,1998,transportation,8861,3920,2791418,4956817
d2ef4c24da2d2a7,espinoza llc,http://www.marsh.com/,argentina,1979,transportation,7668,2358,4486671,3669192
af3b0dc3a779eb5,ayers llc,https://gomez-conner.com/,argentina,1971,transportation,7898,3917,4343875,7413623
ee2d54f3ad9c126,cantrell-glover,https://www.lowe-andrade.com/,argentina,1970,transportation,313,4526,3350932,11382442
f40fc5a648c53f3,glover-castaneda,https://www.romero.com/,argentina,1990,transportation,6515,3340,5682918,5987677
e9bebd37bfee7bb,howe byrd and owens,https://warner-mcconnell.com/,australia,2010,transportation,7597,3590,437979,4879934
6f8e7fe3ccfcb7c,griffin and sons,http://vasquez.net/,australia,2000,transportation,7640,4422,7635255,7633917
9f63c73be6a39e9,michael and sons,https://brennan-molina.com/,austria,1988,transportation,3837,3833,6242581,8210689
ccd85e8579f9c7e,hood evans and waters,https://www.lowery.com/,austria,2006,transportation,6998,2096,1663713,2042879
5022c998edeada1,jackson group,http://www.haney-bailey.com/,austria,1984,apparel,8940,2078,8117599,1939358
eb1f0a485ff5c50,oliver flores and pena,https://www.merritt.com/,austria,1994,apparel,2587,4771,810335,5706571
0de4671f41341d6,avila-garza,https://harmon.com/,austria,1987,apparel,4204,2340,6722610,1488138
90bbf5c6d616dbf,harvey-horton,http://www.mejia.net/,austria,2007,apparel,3787,4219,5440815,11665612
4d17fa0d985e0d7,mcpherson cameron and whitehead,http://www.schneider.com/,australia,1978,apparel,5942,4706,5507022,11754288
6be8a1ef720fd32,whitaker-lara,https://buckley-mayo.com/,australia,1992,apparel,8323,2409,7527712,11540480
4ded9e3ff968e7c,guerrero group,https://morse.com/,australia,2014,apparel,3313,2846,5447472,8795170
bbb5ab4b0aad7a3,meza-carroll,http://www.walker.net/,australia,1975,apparel,8073,2618,4879450,7731482
a5ffb6afd24d2eb,horne cherry and santana,http://bishop.com/,australia,1981,transportation,7298,2553,8087783,7683342
ad103986bdbe6ad,stuart ltd,http://russell.com/,australia,2021,transportation,6472,2862,7139811,4635588
ea8a779bec3c8ff,romero-aguirre,https://www.cooley.com/,bahamas,2006,transportation,142,3315,7281231,9997854
ba404ddd2ad309a,mendoza ltd,https://www.rice-gutierrez.org/,bahamas,2002,transportation,5158,2327,3325811,11650281
2eaa3c5d6cc37b9,schneider-elliott,https://molina.com/,bahamas,2021,transportation,7306,3068,5515014,10902858
4dbcfb13cf62f8f,ayers pierce and vang,http://www.durham.com/,bahamas,1974,transportation,6594,3522,3593477,9037289
fde4affceee8f58,livingston-short,http://www.schaefer-skinner.com/,bahamas,1973,transportation,6921,2403,6522089,4331785
2606f29ee3f97f5,good mcconnell and ballard,https://riddle-carr.com/,bahamas,1991,information technology,4089,2858,460444,3991962
a3bb544c4f950e5,hunt ltd,http://www.fritz.com/,bahrain,1977,information technology,1693,2513,8169559,6681516
f56155a0a9ce693,cole-gordon,http://bauer.biz/,bahrain,2017,information technology,7082,2981,5614468,10253892
073cf1efaada57a,gardner ltd,https://barnes-reynolds.com/,bahrain,1970,information technology,3702,3041,6986172,6275447
9c9ad5abae300f4,lin rasmussen and graves,http://www.evans-graham.com/,bahrain,1997,information technology,6903,4080,2050190,5983572
0aab0baad1d0622,lopez-taylor,http://farrell.org/,bahrain,1973,information technology,4813,2412,2822607,1238956
dffd5cb3c19fa22,finley-sloan,https://www.marsh.org/,bangladesh,2013,information technology,5042,3493,4332717,6191062
fff54ebcb7f443b,phillips gomez and rocha,https://www.romero-alexander.com/,bangladesh,1981,information technology,5299,2349,8064661,8558029
a832ebc6811df1a,ward-cox,http://medina.com/,belgium,2009,information technology,2996,4638,5505083,3285596
61521f79cd45a7b,king-howard,https://www.mason-mcdowell.com/,belgium,1977,information technology,321,3700,4973014,6119960
cc88150b8ecad8c,villa levy and mays,https://www.lyons.biz/,belgium,1976,transportation,4619,4135,949614,3592872
db0ecf7ddcc3a7a,alexander plc,http://www.barker.biz/,belgium,1999,transportation,3866,4041,7215375,4964731
c18b4aad9adf4cf,donaldson group,https://www.horton.biz/,belgium,2016,computer hardware,1027,3964,4365716,2690663
ff4cdcd04bc0da8,newton llc,https://www.sloan.info/,belgium,1997,computer hardware,3886,4862,7415298,6984508
318c1f58cfcbda9,weaver-barnett,https://www.patton-ayers.com/,belgium,1991,computer hardware,8600,2963,8283966,6510508
5b77f60c3cc6ae6,barnett ho and shah,http://www.joyce-ochoa.com/,belgium,1983,computer hardware,5971,3635,8802014,2185159
31aeba479968af3,dunn dillon and blair,http://jensen-romero.com/,belgium,2015,computer hardware,5962,2217,2197317,10939517
97bfc3c2f851b8b,byrd pace and robles,https://johnson-serrano.com/,belgium,1974,computer hardware,3081,2480,4491848,10439833
68aa8ddf26e3aca,willis-skinner,https://www.mcclain.net/,belgium,2014,computer hardware,2540,2501,3595833,2153519
fb20b12fcf3f4be,hicks hall and hopkins,http://gilmore.net/,belgium,1979,computer hardware,9652,4956,6480519,11153667
5cb0bbca289679c,bright-summers,http://www.yoder-coffey.com/,belgium,2004,computer hardware,5406,3309,491782,6520808
44b829ad3abbdf3,middleton plc,http://www.mcguire.com/,belgium,1994,computer hardware,6412,3121,8198227,5793827
ddce3797f22d3ae,trevino group,https://guerra-thompson.net/,belgium,2012,computer hardware,3985,3766,192157,9681777
78ea4c2c1cb83ab,hansen chan and molina,http://stevens.com/,belgium,1994,computer hardware,8534,4992,6762840,11689951
faacec3019bf7f5,jacobs-kline,https://www.smith-hardin.org/,belgium,1988,computer hardware,2788,4668,5263703,8819781
89adcc6b8715b23,joyce turner and bolton,http://www.long.com/,belgium,1975,computer hardware,6016,2503,3339214,10612832
bdf1b9f31a0dacb,alvarado inc,http://www.bowen-callahan.org/,belgium,2020,computer hardware,4256,2204,4210676,9413929
a11b2cc54eae95b,fuentes ltd,http://berry.com/,belgium,2019,computer hardware,643,4333,6552843,2472467
c3ba071a2bb4d6f,bolton diaz and kent,http://www.luna.net/,belgium,1999,computer hardware,1053,3373,8649060,10360625
a51ffffdb11cff2,murphy-esparza,http://www.melton-carson.biz/,belgium,2012,computer hardware,6030,2649,8580809,2600196
944bb87fc8a613e,richmond-conley,https://randall.com/,belgium,1997,computer hardware,6412,4476,8991816,9111114
d1f772a3528ecfc,whitehead and sons,http://rasmussen.com/,belgium,2005,computer hardware,338,4731,8632160,3577257
c087578943f19e4,murillo-woods,http://www.graves-rocha.net/,belgium,1981,computer hardware,7222,4881,3694586,11614267
9d7e4c3afd2392c,mckee-bonilla,http://www.charles.net/,belgium,2013,computer hardware,157,4693,4025628,2279339
9ec72158e7c46d2,blackwell kidd and shields,http://lester.org/,belgium,1971,apparel,219,4640,2050368,7147011
4255e3e4acf7abf,pearson-fletcher,https://www.duffy.net/,belgium,1987,apparel,7374,4689,2236624,6906174
d214d152bdf2f3d,hood-becker,http://www.houston.org/,botswana,2004,apparel,1175,4520,3209513,5977159
cdbd7720bba0bf5,werner berry and dominguez,http://castro-robles.com/,botswana,2014,apparel,9676,4472,8671763,1750154
ed8abdcda9dd862,esparza lyons and diaz,http://durham.com/,botswana,1976,apparel,9231,2488,8776342,5803874
a3a8d60af487c75,harris-clarke,http://www.reilly.com/,botswana,2016,apparel,6150,3131,1534070,11932548
ffb1a8af4fec7ce,vaughn llc,http://www.bradley.com/,botswana,1999,apparel,9751,4727,4047866,10039321
afcbe39d8b0b2f6,bolton-odom,http://duncan.com/,botswana,1979,information technology,7241,3224,3712547,3849962
040bddafc73cb32,tanner lambert and strickland,https://www.cantu.com/,botswana,1985,information technology,5597,3263,7245861,1595038
b25ffe2fdbc55d1,sampson-copeland,https://west.com/,botswana,2015,information technology,3811,4069,1651491,5515840
b598519fdfc530b,petty group,http://www.scott-marks.info/,botswana,1985,information technology,8830,4782,3090534,8581315
7db53b8ca40ab0d,hopkins shea and bishop,https://www.wolfe.com/,botswana,2014,information technology,1878,3212,5931635,3456403
eaa4e1cf00ee3c2,wilkins llc,http://www.ford.com/,botswana,1990,information technology,7349,3942,5751270,5689285
56bdd78bbcdcca4,novak plc,http://www.lozano.com/,botswana,1973,information technology,5821,3486,891875,1536042
dedd9d0aa6115d3,collier and sons,http://www.woodward.com/,brazil,2020,transportation,9151,4532,5992394,2737594
c763f85cc571e19,wilcox llc,https://www.holder.info/,brazil,1988,transportation,8471,2927,8299535,11306219
a376a6d71f1c36c,mills-humphrey,https://www.barker.info/,brazil,2017,transportation,3778,4378,6491732,4306444
f73b358bf010f7f,cross plc,https://www.compton.com/,brazil,1976,transportation,3101,4646,7857647,7573138
3899d932c149e5c,macias-patton,https://www.ferguson-bradford.com/,brazil,1990,transportation,6403,3041,2138026,7161291
ddba684d69764eb,conley group,http://santana.com/,brazil,2013,transportation,3806,2568,2713493,712381
51acf1269e194e8,parrish group,http://www.wright.com/,brazil,2019,transportation,1,2171,8902701,9000810
ebdceaf8b6b2fb5,schaefer ltd,http://www.underwood.com/,brazil,1983,transportation,5199,4198,2851892,3376360
db82eaf8e7a59af,hess-shelton,http://www.hendricks-rodgers.org/,brazil,2014,transportation,7188,3528,5556971,6899026
18c26fd0fad73e3,murray-meadows,http://velazquez-harmon.com/,brazil,1996,transportation,9655,2057,6255257,10944421
afee981fbacdbe8,novak petty and mcintyre,http://www.foley.biz/,brazil,1979,transportation,7809,2186,6497279,7744665
ce017b247db1ede,mcmahon and sons,http://copeland.com/,brazil,1997,transportation,6029,2620,5955396,4751154
55cc2d7816506bd,holland ltd,http://silva.com/,brazil,1995,transportation,5096,3233,1366595,3706405
ec2dae361f8bb30,rogers inc,http://ray-hinton.com/,brazil,1979,transportation,886,2879,8906948,11314414
fe8bbb899efcb06,caldwell shaffer and woods,https://haney.info/,brazil,1974,transportation,959,3099,3897999,853351
9dd10a3ccb2b1bd,gamble-hill,https://www.chaney-eaton.com/,brunei darussalam,1993,transportation,3468,2070,1120738,2143773
e84e97db7bfaded,hobbs group,https://bailey.com/,brunei darussalam,1999,transportation,1145,3795,2980952,9656060
df39abf66ae4d0c,romero austin and gentry,https://cooper-nash.com/,brunei darussalam,1990,transportation,8213,3984,4359711,1794366
6b345d487edf9df,blanchard forbes and mendez,https://www.ramsey-barber.biz/,brunei darussalam,1994,transportation,5533,3810,2190531,6639122
e5ca6529dcd4030,mcpherson-blanchard,http://www.ward.com/,bulgaria,1972,transportation,9890,3973,2695044,947974
4cd5cc59b0aa9c5,bird ferrell and hughes,http://mooney.com/,bulgaria,2005,transportation,6336,3009,1644574,822392
a0dcf3bcf1addea,gordon and sons,http://www.taylor.biz/,bulgaria,1970,transportation,4815,3923,2131824,4139373
0fbfeda9d5e0b69,page-mcmahon,https://www.brandt.net/,bulgaria,1995,transportation,3958,3464,1634609,8898984
c44a5cdf9c829e3,landry group,http://www.morse.net/,bulgaria,2019,information technology,2273,4781,2071771,4688163
ee1adb78478bf80,logan-chen,https://sheppard.com/,bulgaria,1996,information technology,7532,2840,8069188,7651322
2fff9ac231a6768,duffy and sons,https://simmons.com/,bulgaria,2011,information technology,5250,3266,5682439,10906546
7647af9d4705c6b,norton group,https://collins-michael.com/,bulgaria,2016,information technology,9497,2955,3361590,809452
c6eb96acc73baa0,bradshaw-orozco,http://stewart.com/,bulgaria,1973,information technology,3619,4526,4119960,11770670
67eeacabcfccb6c,mays robles and shah,https://myers.com/,cambodia,1989,information technology,9666,4702,1898144,4609431
edbdabfd62cbea7,clements hahn and stark,https://richards.com/,cambodia,1975,information technology,7663,3358,685748,8408692
6bdeeb7334ec8a1,graves llc,https://marquez.com/,cambodia,2013,information technology,7150,4271,3638493,1924764
dfcadad69fe1d2a,guerra drake and rangel,https://hartman.info/,cambodia,2005,information technology,305,4668,4057958,3015081
f6025bcbbd3953e,jennings-drake,https://cordova.biz/,cambodia,1977,information technology,1422,2823,3595168,908868
958cabb9b17124d,vega miller and calderon,http://www.joseph-contreras.com/,cambodia,2012,transportation,8250,2979,3965933,4723582
a8fd24e2bb7d0fd,kirk-moody,https://oneal-avery.com/,cameroon,1971,transportation,4110,2816,3116585,778833
19d7de485e79df6,hinton lucero and hancock,http://www.black-rojas.com/,cameroon,2003,apparel,5594,4621,7208983,1655484
3c6fd0d86e7baaf,smith-terrell,http://www.fowler.com/,cameroon,2003,apparel,404,2006,6940172,8167360
8c4d487cabce6e9,mcclain-wilcox,https://www.nash.com/,cameroon,1981,apparel,1740,3342,1813412,9442794
3851f381ea54d70,trevino-foley,https://baxter.com/,canada,1973,computer hardware,6765,3045,8528045,11529051
a0bbb5ab97fe257,robinson plc,https://www.manning-barron.com/,canada,2003,computer hardware,1310,3593,5455054,5656097
54fa48043aaacd4,jacobs-sawyer,https://romero-gould.com/,canada,1993,computer hardware,3118,3593,5846396,11566057
0d2d0dc2ddb267c,alvarado-anthony,http://www.perry-mcgee.com/,canada,1978,computer hardware,28,2658,2987609,3865057
60a7985f64acbaf,dickerson-taylor,http://www.steele.com/,canada,1981,computer hardware,4679,2589,2830659,6862409
b87a9762ff1ecdc,mcconnell-sheppard,https://www.hinton-howard.com/,canada,1995,computer hardware,9808,4770,5732641,8327111
d17135fb399dd4c,curry blake and leblanc,https://www.cooke.com/,canada,1973,computer hardware,2164,3845,7279567,5834871
c8efd8a1ae4e3cf,taylor llc,http://www.spears.com/,canada,1997,computer hardware,8904,4177,5986054,2371353
d253b3cee134fed,gallagher-patel,https://welch-pitts.com/,canada,1984,computer hardware,9633,2442,8586628,9082602
e67e4dead7f7ac8,ayala-bradshaw,https://www.bishop.com/,canada,2000,computer hardware,5977,2861,7331960,9049419
ef56bdce48de5ff,neal-nicholson,http://keith.info/,canada,2006,accounting,5523,3469,1440035,10049120
ba907c2acbc34ba,huerta-stephens,https://www.contreras-phelps.com/,canada,1994,accounting,2090,2697,5116365,5783520
e0da4a69658eaca,wall-mcconnell,http://www.carr.com/,canada,2006,accounting,4491,3976,3590205,7933159
d457875b76d0ad8,espinoza stephens and spencer,http://www.hardy.com/,canada,2002,accounting,3784,2029,6481574,4607623
ca8e1dfba7b1d8d,lewis frank and pittman,https://www.wise-randall.com/,canada,1985,accounting,6628,4796,672623,1417102
ef7e820bc9f7e49,mcdowell-dawson,http://www.townsend-farrell.com/,chad,1976,accounting,2861,2219,8264248,11580456
a5e8ce5cf97c2ac,novak mcguire and copeland,http://www.tate.com/,chad,2011,accounting,8128,3851,1109852,9555253
5e2bb2dace9511e,whitaker group,https://koch-andrews.com/,chad,2005,accounting,7007,3313,7724046,2080144
f8a35a4b5d7b2c1,best mckay and guerrero,http://andrade.com/,chad,2020,accounting,871,2922,6025668,3594005
795195c9db5e1c0,cline-heath,http://www.walter.net/,chad,2020,accounting,6977,3193,3733990,7353537
de66a10faf4e5b1,tanner-webster,https://www.wu.com/,chad,2006,computer hardware,4176,3351,4961493,3377612
994aad9baa0bef3,guzman llc,https://walter-stevens.net/,chad,1973,computer hardware,2251,2620,4326730,3099498
9aaad5026aa8abf,leonard-wilkinson,http://houston-bailey.com/,chile,1995,computer hardware,8952,2367,8228495,4272982
afeaf6beef0db13,frederick-singh,https://levy-david.com/,chile,1971,computer hardware,5687,3485,222322,3585862
391e22a22e6c77a,sanchez pugh and decker,http://faulkner-anthony.com/,chile,2022,computer hardware,8917,2638,1306498,11637116
e7e0efaacc8122d,copeland booth and patrick,http://cox-mann.com/,china,1975,computer hardware,1623,2821,8824543,7095418
ceab4db1cad0adf,sharp and sons,https://www.collier.com/,china,2010,computer hardware,2828,4132,3891160,3632123
3f665deb1d8d4e9,gray and sons,http://dodson.com/,china,1980,computer hardware,8303,3698,308729,10693756
4d6a2a19bf95fc4,hurst camacho and gill,http://www.beard-little.com/,china,1981,construction,802,3376,7280983,3705692
dc94cdf6d5bddbd,terrell inc,https://mcintosh-copeland.org/,china,1983,construction,7961,2154,5567249,8181959
0bcebfcd12bcb7e,gordon-marshall,https://www.hendrix.com/,china,2019,accounting,5282,2447,2660501,3491784
8f55cd0ad6dcde2,francis-frazier,https://roberts.biz/,china,2015,accounting,6202,2696,7563939,5853443
a6bc77d5ce07c7b,parker ltd,https://www.burch.org/,china,2009,accounting,6947,2150,5556256,532276
bcaac3adb10bf1c,knapp-maldonado,https://www.kennedy.com/,china,2013,accounting,6143,3635,743243,6701067
32dffb53469ea98,yates massey and ortiz,http://www.sutton-lambert.com/,china,1995,computer hardware,6330,4724,7592356,5587366
73ab5e45c1e5b55,hurley group,https://roman.org/,china,1987,computer hardware,9469,3423,8543230,1475118
7cf53a7abba2ca1,carter hodge and franco,http://www.richards-bishop.biz/,china,2019,computer hardware,2191,4073,1426570,5961922
70eeceee7d6faec,byrd inc,https://dunlap.biz/,china,2016,computer hardware,2240,4582,5291330,3618918
1a1402caa5a1f1c,estrada-leon,https://www.myers-bradley.com/,china,1984,computer hardware,4218,3258,6395400,2347750
699e5b0fe674695,henderson garrison and melendez,https://boone.info/,china,2014,construction,9686,2576,1742210,1532457
35762be17ca3d47,howe and sons,https://www.nunez.com/,china,2007,construction,1424,4475,117263,3381062
de5fc71de825bfc,olson-solomon,https://koch.com/,china,2013,construction,3825,2930,8574322,9750017
aeec625ffe6bbcc,espinoza plc,http://strickland.com/,colombia,1999,construction,4441,3000,7003283,6216665
3a3d7c279ef39ed,parsons bishop and joseph,https://www.arellano.com/,colombia,2014,construction,6864,4025,4712791,11964736
a9aace4ae9da4e5,herrera ltd,https://faulkner.net/,colombia,1987,construction,4066,4796,2139023,8217702
9fb0f575eda185e,pham-bond,https://www.vance.com/,comoros,1987,construction,6746,2799,5555455,10410485
334b91221694b23,stephens group,http://www.howe-hays.com/,comoros,1983,construction,953,3917,7453301,6554032
05bbfbda2ad8e1a,perez group,http://harper.com/,comoros,2007,music,8889,4864,2068253,6101879
6b1bbe5dfdac090,townsend richmond and underwood,http://www.christensen.com/,congo,1973,music,9915,4278,2465875,7430574
da71cdd001e06d6,orr-joseph,http://www.dodson-gallagher.net/,congo,2001,music,4375,3850,5331603,2449043
b7b5ca3592086ed,joyce chambers and monroe,https://potts.com/,congo,2004,music,9684,2375,531426,4287761
d2b69efedff6f87,garcia group,https://bender-winters.com/,congo,1983,music,818,4490,8582503,5237723
3edc8528529b302,hunt llc,https://arroyo-liu.com/,congo,1972,music,6176,2973,6331804,3954519
a9a62abc02eceeb,wood stark and jacobson,http://www.liu-romero.com/,congo,2006,music,8056,4724,3962625,4817177
3ee4fbffa7150bc,rodgers llc,http://www.butler-barron.org/,congo,1980,music,1587,2530,320124,9535507
08bccf6da86fba2,becker-mann,http://www.mcpherson-harvey.com/,congo,1973,music,795,2369,1943045,7006240
d343b9db0563a4e,hunter-kane,http://petersen-heath.com/,cook islands,2004,music,346,2240,5132634,6268949
ea75cd979ec705f,bowen-shaw,https://www.shannon.com/,cook islands,1987,music,1243,2544,652039,5583597
5b62b5165b3a0c8,rice norton and stein,http://mccann.info/,cook islands,2007,music,6307,4674,7238346,10849360
f9a2fb187bcdc9f,beck-vaughan,http://www.henderson.biz/,cook islands,2020,music,5082,4774,4641603,5444905
3ddeb6ddcfc4f51,mccullough and sons,http://www.chase.com/,cook islands,1985,music,3634,4284,5409219,6536276
cb54d184eb3677f,esparza llc,https://lozano.com/,cook islands,1994,music,2776,2089,4301219,8215435
b73e7cac4fae8fe,young inc,https://stout-schwartz.com/,costa rica,2001,textiles,3541,3761,949047,10071755
eb43ce5cb105fcc,maddox-novak,http://mcclure.com/,costa rica,2009,textiles,4031,2989,1816362,1269216
c9dbfbffffef44c,lee-marks,http://www.york-stuart.biz/,costa rica,1985,textiles,3511,3536,4873136,10468187
521b3d4a4be241e,meadows-macias,https://www.maynard.info/,costa rica,2006,textiles,904,4931,7680875,3138195
ad2eb3c8c24db87,gill-lamb,http://lin.com/,cote d'ivoire,2005,textiles,5105,3763,3716759,1401241
50a5cfcded6ad6a,stone inc,http://www.blankenship.info/,cote d'ivoire,1984,textiles,816,4324,8135323,6635287
2e9eeb3cb58afcd,mejia inc,http://bolton.com/,cote d'ivoire,1972,textiles,7578,2468,2274873,5445802
6fcb10da7e6f9df,hood ltd,http://www.berry.com/,cote d'ivoire,1972,textiles,640,4339,3506228,11290403
e1dd58a2ced2812,koch group,https://www.mendoza.com/,croatia,1994,construction,6847,4269,2051908,5299290
136dd17ebfae94f,hopkins-wood,https://ayers.net/,croatia,1987,construction,3160,3536,5918200,2998565
dad2bd3ae5ce86d,vasquez-ochoa,https://www.rose.com/,cuba,1983,construction,4878,3982,952885,7199914
fa302496c8b81de,salazar ltd,https://www.horton-clarke.com/,cuba,1999,transportation,2730,2636,2384745,10825602
fddf45e1defebbc,ware llc,http://pratt.net/,cuba,1998,transportation,9941,4969,8611946,10076825
cbd16b4174ded61,shaw yang and morton,https://dawson-russell.com/,cuba,1985,transportation,8841,3984,4098896,3643303
5a1abaad8cf84dc,adkins stewart and lara,https://allison-blankenship.com/,cuba,1988,transportation,1715,4067,4273833,11671380
30aa99fbfaf7ae0,coffey pope and sims,https://www.webb-chaney.com/,cuba,2013,transportation,6139,2594,8622719,6856187
ebd8bceefc9a560,hebert-santos,http://holloway.com/,cyprus,2004,transportation,7982,3749,3555763,11329581
abf8dccabe179f9,dodson-lam,https://www.guzman.org/,cyprus,1984,construction,9440,2545,7149543,6870861
d8eae5c3a1f27ef,wilkerson luna and brewer,http://oneal.biz/,cyprus,2009,construction,3822,4455,5353312,1819517
ebcf126fe9fdead,boyle-beard,http://www.fisher.com/,cyprus,1985,construction,9283,2765,4666818,4555031
1c1bc158dee046b,barr james and gilbert,https://www.farmer-wilkerson.biz/,cyprus,1989,information technology,8147,3030,8343944,5208083
f8bd41b97f5e96a,scott-ramsey,https://wyatt.com/,czech republic,2018,information technology,8263,4697,2980183,1861656
0aded4af925c9ec,mcdonald jacobson and fischer,http://www.bruce.biz/,czech republic,1975,information technology,6572,4702,2506874,8695803
2f31eddf2db9aae,love-palmer,https://kramer.com/,denmark,2010,information technology,6991,3839,6180759,10333311
9e8bdfef88aa4e9,barajas hunt and frye,http://www.richard.com/,denmark,1980,information technology,3233,3278,2772033,2705625
f58be3967e3fa62,palmer-stokes,https://nelson.com/,denmark,2016,information technology,3242,3371,2491603,10823701
a7d5585efe783de,wagner-lawrence,http://cline.biz/,denmark,1976,information technology,5799,2591,569770,1775691
c7e8caa3fe0ea9c,wilson-garrett,https://benjamin.com/,denmark,1975,information technology,3238,4208,3879587,1749143
41ec4ddd3f62bbc,arroyo garcia and patterson,http://www.martin.com/,denmark,2020,information technology,9235,3588,4983784,8986610
0052abdaff57dac,donovan-christian,https://www.hatfield.biz/,denmark,1972,information technology,4544,3607,5166845,4608577
8b43a3446ad871c,scott simpson and burch,https://www.zhang.com/,dominica,1979,information technology,4408,3029,2505281,4182754
477cdccc1e02aad,vargas ltd,https://www.blair-stout.com/,dominica,1989,information technology,3162,4156,4899916,10373676
ff0a16aceaad6de,wall chandler and chapman,https://www.melendez.net/,dominican republic,1986,information technology,4604,2346,268657,6102634
cbe3da81dfae3a3,graves inc,http://www.hinton-potts.com/,dominican republic,1986,information technology,8802,2727,3257414,11002803
4beaccfec62bbd7,vaughan llc,http://www.cantu.info/,dominican republic,2015,information technology,7755,4013,2589926,861339
a0fe365befc1aab,davis-dillon,http://quinn.com/,dominican republic,2007,information technology,6607,4951,4937200,8991570
c3b6dfaaa57f88c,diaz mercer and yoder,http://www.thornton-rosales.net/,dominican republic,2013,information technology,4077,2957,2784883,9153380
f4bdec9dbc6fd93,pacheco-bruce,http://duffy-kent.com/,ecuador,1982,information technology,20,2461,8876658,7796740
ec1ddbcbd1c649f,chung patel and moore,https://whitney-andrade.com/,ecuador,2008,information technology,2928,4353,5597410,2837953
cc45ccf52fec2fe,bowen group,http://www.torres.biz/,ecuador,1980,information technology,2179,3938,4273314,3381384
f1d537929fa45ad,mcconnell-schroeder,https://kirby-weber.info/,ecuador,2009,information technology,4884,4646,6450367,8666893
f0a58aa2db37dda,gutierrez vasquez and austin,https://www.hurley-huynh.com/,ecuador,2009,insurance,5052,4685,8072727,5257831
23a677cecd2bcac,martinez-boone,https://mckee.com/,ecuador,2004,insurance,6346,3274,250703,3734589
14db63a4ea4212f,hayes-larsen,http://www.olson-mayo.com/,ecuador,2005,insurance,5540,4686,824265,1746292
d3e19c1c996c3bb,merritt-mcgrath,http://odonnell.biz/,egypt,1988,insurance,6151,3666,8886047,10681395
f932fe8fc8bdbb5,acosta llc,http://macias.com/,egypt,1987,insurance,2378,3681,8403284,11194773
91fc21f3ff0c6a4,rollins-meyer,https://www.rosales-stark.com/,egypt,1996,insurance,7454,3822,3704094,7013866
de596ab67e93e2d,riley-hodge,http://www.macias-velasquez.net/,egypt,2000,insurance,9307,2467,1258672,3609905
dee2ebd7e3cac97,allison-spears,http://estrada-zhang.com/,egypt,2008,insurance,869,4270,8354300,1274615
0ab00dcbeb6d7b1,watson haynes and phelps,https://www.barnes-cross.com/,eritrea,2006,insurance,7978,4937,6687603,9043550
dcbfdc5b5ef0c20,galvan clarke and murray,https://hutchinson.net/,eritrea,2005,insurance,8788,4989,2488813,7106594
69dcf87b76e8d91,coffey-hooper,http://mendoza-burnett.com/,eritrea,2007,insurance,2660,3534,4331978,10207251
d2cb5b5e5ac938a,bradley plc,http://www.yates.com/,eritrea,2004,insurance,9343,4485,7464129,7447634
cc06c8c9ac5d4db,dunlap moss and dixon,http://harding.com/,estonia,1976,insurance,2874,3246,4671071,4193382
0b19f0056c68e6f,holland group,https://oliver-figueroa.com/,estonia,1979,insurance,7664,3245,6573943,1399452
bc6adfff45c6bdd,mclaughlin llc,http://coleman.com/,estonia,1975,insurance,5650,4074,6952990,7234973
4eb2ba5bdadcabb,snyder group,http://www.harper.org/,estonia,1998,insurance,1363,3082,8858553,1453244
139ab569bdfce4f,elliott hood and estrada,https://www.harmon-bowers.com/,ethiopia,2014,biotechnology,3493,4820,2584643,4202651
eaf5ae0fcbcb4dd,macdonald plc,http://www.huffman.com/,ethiopia,1975,biotechnology,6603,4042,7928324,1739312
a483cd7f7b486b4,davis-mclean,http://www.cherry.info/,ethiopia,1995,biotechnology,3427,4589,4139000,11562047
e898490f4b5ccbb,fields-townsend,https://fields-hensley.com/,ethiopia,1994,information technology,4635,2510,4119291,11417784
5e75d5cd8beb4da,norman-ford,http://maxwell.info/,ethiopia,2018,information technology,3382,4028,1955461,1432088
83f947d8ee5773b,powers-mack,https://www.berg.com/,falkland islands (malvinas),1983,information technology,3985,4050,6470590,1677087
f7d126abdba0cb9,freeman robbins and joseph,https://www.choi-mcmahon.com/,falkland islands (malvinas),1993,information technology,7067,4407,8938741,2713553
f1d5c69dfb934fb,herring-blake,http://collier.net/,falkland islands (malvinas),2002,information technology,2268,4569,8935765,4771902
5bf4d472d771bd2,ford-stanton,https://sawyer-norton.biz/,falkland islands (malvinas),2005,information technology,1903,2881,5690587,10865717
df6af24ee566f49,olson-mcconnell,http://www.christensen-norton.com/,faroe islands,1970,information technology,9170,2575,2781901,6742132
405ee5ec62afbac,archer ltd,https://www.patton.com/,faroe islands,1988,information technology,4319,3882,8822021,8015396
736e0c8368e8f3d,vazquez llc,http://berg.net/,faroe islands,1979,information technology,3136,3648,2153327,3469981
d1ee04a587a0b6f,mann-mason,http://bender.com/,faroe islands,2001,information technology,2726,2237,7145871,10383801
dfd2cf9485b11c6,richards-zimmerman,http://vasquez-macdonald.biz/,fiji,2018,information technology,8249,3091,6173642,1845433
3cce7ee2c078d51,malone and sons,http://jensen-mccormick.com/,fiji,2013,information technology,4587,4841,4446957,11072110
df8e88cfabc1f3d,acosta-lam,http://www.pugh.biz/,finland,1991,information technology,4437,3861,8400206,5741027
c1fbdc26744c6a6,randolph trujillo and frost,http://blanchard.biz/,finland,1987,information technology,4238,2610,7831817,4655209
27cebbbbcf4e17f,curtis llc,http://www.davenport.com/,finland,1975,information technology,36,2224,7364683,3676356
96bbbefa9d8daec,ward and sons,https://www.porter.com/,france,2001,information technology,8887,2090,8663707,8364435
22f15be620aa6ae,foster inc,http://mcpherson-ray.com/,france,1981,information technology,7348,3015,6159191,9946847
61ff50b0caece58,allison plc,http://cisneros.com/,france,1993,insurance,1545,2482,2658296,3834014
dfa6b1cf6ffbddc,mccall-flowers,http://www.mathis-rowland.net/,france,2013,insurance,4243,4744,627052,7786024
06fae819cce7d30,beard plc,http://evans-herman.org/,france,1974,insurance,2987,3257,6771622,5282789
624f5e1c3c0f0a0,pierce gallegos and knox,https://www.neal.net/,france,2016,insurance,6016,4140,5114725,10896853
ecdbf14f9f876d7,manning mcpherson and robertson,https://king.org/,france,1979,insurance,8644,3497,5496034,5810781
522809bebbfce43,pollard llc,http://www.paul-stein.com/,france,2013,insurance,9329,2017,4573696,4737710
ef80e90db608daf,mckee lewis and hays,http://stanton-ramsey.com/,france,2010,insurance,3583,3871,2062690,9072397
ef65aebcdfbc7f2,cameron osborn and pollard,http://www.frazier.info/,france,2018,insurance,2775,4056,6916137,1489149
b0bbebb36babb35,koch gomez and hays,http://ewing-rosario.biz/,france,1997,insurance,8497,4999,1252981,11150058
f86a2ca7a4def88,king inc,https://love.info/,france,2013,insurance,7464,4760,3700304,7151822
3aecbe853d893db,glenn savage and ewing,https://www.guerra-gillespie.org/,france,1981,insurance,6826,3741,8618750,10457508
dcffb6bcb80bc16,pugh-sampson,http://chapman.com/,france,1986,insurance,9256,3843,5587272,1591712
487110e58a9b49f,hanna plc,https://www.navarro.com/,france,1987,transportation,7806,4120,2505810,1691888
bcf355a517cb541,decker wang and barajas,http://smith.com/,france,1981,transportation,871,3415,4879185,8881065
fe7fbd9a048c647,parsons bradshaw and waller,https://warner.com/,france,2021,transportation,275,2837,6219464,1391052
b0e440da717eff9,joseph-stein,https://www.moses-mccarthy.org/,france,1990,transportation,7825,3258,758321,10428402
fdcceeffac73497,larson ltd,https://chandler.info/,france,2014,transportation,5197,3426,694563,7009652
2c676bfb58d9907,humphrey holloway and lutz,https://www.oneill.org/,france,1982,transportation,1419,3157,2619258,8697881
ccb6a3bcccd8bd0,ballard-benjamin,https://www.torres.com/,gambia,1984,apparel,1339,4478,3226139,4098708
a66737ce0ccb2c6,huerta plc,https://www.byrd.org/,gambia,1970,insurance,4337,2942,987401,8519976
8f3d5626d7d4f41,ramos ltd,https://www.werner-holder.biz/,gambia,2018,insurance,9088,2779,6697667,8933176
98c2ae97c376cfd,glover roach and alexander,http://abbott-bridges.com/,gambia,1971,insurance,8383,3133,2712132,10989217
c2fa8baecc7d0f8,kramer meyers and mckinney,http://www.salazar.com/,gambia,1978,information technology,2101,2414,2416829,5887746
53bb589efdb6118,george-hamilton,http://perry.com/,gambia,1980,information technology,3399,2248,402897,10798977
496ed1c0e85d7f5,pollard and sons,https://ritter.biz/,gambia,1979,information technology,3098,4668,548312,4574820
cce3b1c5f77bdf1,bryan plc,http://www.decker.com/,gambia,1986,information technology,8423,4081,5748332,5778566
c3c4eadeddcaacb,pitts ltd,https://www.patrick-townsend.com/,georgia,1989,information technology,2674,3947,895235,2444343
b6cf3a0fe2a5acd,tate plc,http://www.fuentes-morgan.info/,georgia,2020,information technology,9286,3540,2528366,920645
722a53cbc046cac,carlson vargas and carroll,http://www.gordon-thomas.com/,georgia,2018,information technology,9503,4287,4423348,3414118
dd7b5cbf5bc8fb8,park-gomez,http://baxter.biz/,georgia,1998,information technology,8228,2316,5734757,8608024
7dc8c8cd1ff23fe,briggs-delacruz,https://www.burnett-sparks.com/,georgia,2006,information technology,3098,2353,4199827,11434058
1f91dfc7bbef29e,hamilton llc,http://www.stokes.com/,germany,2016,information technology,2495,2884,8392371,5046871
acc4b161ae09e3e,kerr plc,https://reese.biz/,germany,1993,information technology,7096,3674,6519645,750528
a83b7d8ed965d17,rocha henson and gutierrez,http://mendoza.com/,germany,1986,information technology,3842,3333,5611535,8846712
ba4ed05a7e04fec,mcintyre williams and gray,http://bass.com/,germany,2012,information technology,6366,3087,8491053,7604355
ac3ce792fadcd5f,wang-holloway,https://www.hendrix.net/,germany,1992,information technology,4447,2267,2798266,4031994
b419bfbdf7ceb25,cooke-mcgee,http://www.woodard-beck.net/,germany,2014,information technology,3064,2272,6260915,10347529
e4a91c4dae32af6,skinner inc,https://preston.com/,germany,1982,apparel,4738,4866,4692897,5002742
bdf0c047e52cdc3,reeves-martinez,http://ali.com/,germany,1974,apparel,6639,2588,2646628,8177152
c8ee331607f5eba,herring-orr,https://www.middleton-sexton.com/,germany,2003,apparel,8986,4724,8803686,1428192
7afb4a27bf2fcf7,chen plc,https://vang-faulkner.org/,germany,2006,apparel,3547,3177,2609453,631541
f6cfebba4acd3ca,edwards ltd,http://www.davidson-freeman.org/,ghana,1997,information technology,5943,3426,1529059,8707440
4c0ab3fc0bd3e59,brennan llc,https://keith.com/,ghana,1996,information technology,2037,4276,7300935,9719202
f32aed40d49de04,crane plc,https://gregory.biz/,gibraltar,2015,information technology,6357,3063,4255088,5456100
a2a1fceed2eb3c9,jacobson-wang,https://coleman-owens.com/,gibraltar,1972,information technology,68,4742,7833734,9884022
ebdafefb1fde197,livingston llc,https://gibbs-jennings.info/,gibraltar,1973,information technology,4606,2494,6688182,8017823
c398a370ccfe05f,cook-dunn,http://www.dunn.info/,gibraltar,2009,information technology,6176,2789,4358781,9989430
b81ea4bd32537cf,banks plc,https://www.clark.com/,greece,2003,information technology,7919,3169,3680487,6031752
f7adb3a0e3553df,graham ltd,http://stewart-tyler.org/,greece,1979,information technology,5786,2754,6804714,2724971
fb9ca60b6cef6da,barrett inc,https://www.dalton.com/,greece,2015,information technology,2624,4598,7051974,7615283
4cfce7fab148cc8,peck rogers and conrad,https://banks.com/,greece,1987,information technology,6458,4616,2430450,7824100
efc5c915acbf437,young buchanan and vazquez,http://www.gregory-chapman.com/,greenland,2005,information technology,8299,2351,4720060,8540470
e3b3a0e923874cf,hall group,http://choi.org/,greenland,1982,information technology,5969,3264,8550864,6578624
71d0fabef420ac6,williams-pennington,https://www.short-strong.com/,greenland,1972,information technology,4484,2328,1920240,5292651
a25549b77e0c766,stanton graves and ibarra,http://hanna-hunt.com/,greenland,2000,information technology,9431,2049,6551002,2366548
1f8d1eb79aad8e6,moss inc,http://barrett.com/,greenland,1997,information technology,48,4985,8677839,1826982
00b6a6fdc035ff3,fletcher plc,https://www.shepard.com/,greenland,1993,construction,5184,2931,8487163,4868737
c477dfe441aa317,hendricks plc,https://lyons.info/,greenland,1981,construction,4680,3528,4464693,544708
a428fb0f7d1ada4,shah robbins and nielsen,http://www.faulkner-zamora.com/,greenland,2011,construction,4522,4362,843319,7551767
dc421a3a9b6d50d,beltran group,https://www.mosley-nolan.com/,greenland,1997,construction,7613,4500,2571058,11142690
6a4dad8c40aa962,mccann dominguez and ray,http://www.deleon.com/,greenland,2016,construction,8641,4797,1287905,1739689
4f223d5c80a096d,huang-ochoa,http://www.rosales.com/,greenland,2008,insurance,6839,4333,7258434,6678379
f3da775bab0f1f7,wise-valenzuela,http://allen.com/,greenland,1991,insurance,3269,4123,2304942,4649496
60abfeaf173adba,mckinney plc,https://www.sampson.org/,greenland,2001,insurance,7846,2763,5928746,5530368
fe6b0d849ea1ff8,fuller inc,http://www.meyers-mcmillan.info/,greenland,2013,insurance,9074,2494,8652277,3559374
bbd8aa10ddeb16b,branch-cross,https://www.cohen.com/,greenland,1990,insurance,1228,2255,8480943,1476795
e35517078fc19db,kline-sampson,https://dillon.com/,greenland,1973,insurance,2185,2359,8247378,699235
dddbddfcff9f56f,mcknight group,https://hess-mcfarland.com/,greenland,1980,insurance,2616,2502,7135178,508788
dc47da5dbd7f9a7,rocha-snyder,https://www.campos.org/,greenland,1986,insurance,2008,3714,2302657,2329369
f41fddfa46ad4b8,tate ltd,http://www.herrera.com/,greenland,1993,insurance,4118,4307,1178476,4133507
f21ac01c1c5f5ff,powers-francis,http://www.flores-cochran.org/,greenland,1988,insurance,8184,4952,937450,2736386
a4ff0d1bed7ad9f,watkins group,http://walker.com/,greenland,2005,insurance,9013,2300,2333606,9855245
46671edec7cf6bf,mcbride plc,http://www.camacho.info/,greenland,1986,insurance,9376,4956,3755332,11247340
83fb0faf1f3421d,rubio mcintosh and lewis,https://norton.biz/,greenland,2009,construction,2882,2467,5943842,6948980
9ec666e820d8b6c,clements group,https://www.parker-velez.net/,guinea,2017,construction,1615,3062,7572935,3750201
3ddb89ecd83b533,maddox owen and shepherd,https://www.hamilton.com/,guinea,2019,construction,4467,3641,4831851,10983628
6e2fa3d40fdfdec,hobbs-johnston,http://www.proctor.com/,guinea-bissau,1994,construction,5840,3931,1458246,8769157
e3b672feed6ecba,todd-mccarty,http://www.bradford.com/,guinea-bissau,1984,construction,1416,3579,3295184,2862718
f4ba33faae5dcc6,dixon inc,https://esparza.com/,guinea-bissau,2013,construction,7607,2630,4161628,6801410
e0c34c4c54d52fe,solis-cortez,http://www.hamilton.com/,guinea-bissau,1996,construction,9069,4974,5778151,11873063
beea0cefcd9b53a,mccormick stafford and soto,http://welch.net/,guyana,2000,construction,9014,3505,6367736,963197
a4c0c42a1ebe6e4,mcclain tucker and mills,http://vaughn-malone.com/,guyana,2020,construction,7429,4687,6510125,4616964
513f535882afd7d,turner-brennan,http://barnes.info/,guyana,1972,construction,1852,4018,8554146,9461160
b73b0deedeecca0,flynn taylor and herman,http://www.summers-collins.net/,guyana,1981,construction,5050,2067,6497519,7185977
924fc506bd20747,perez inc,http://barry.org/,haiti,2020,construction,3215,4366,6301661,8989078
badce4b6b7e6ecf,mcmahon plc,https://www.brock.com/,haiti,2012,insurance,8491,3270,1267665,5805206
2402ecd89b5e16d,velazquez brewer and mahoney,http://www.mack-doyle.com/,haiti,2004,insurance,3884,2124,8988215,1213991
d60eb560ccf800f,neal maxwell and moore,https://gutierrez.com/,haiti,2006,insurance,8738,4965,6121727,2786297
e1e2ede231a49aa,silva-ray,https://www.campbell-cowan.org/,haiti,2002,insurance,7913,4344,1139699,11084750
2e92e71eb9e6fb7,hodges good and kirby,http://www.velasquez.biz/,haiti,2012,insurance,5703,2240,5066302,4946561
dc6d6e7ea7deabd,henson ltd,https://www.conway.com/,haiti,2010,insurance,406,4443,2041329,1149180
f8e394bbabdb0b5,huerta macdonald and olson,http://byrd.com/,haiti,2001,insurance,6932,3293,4996867,7323372
c61dd4bb78351a7,parrish group,https://stanley.org/,haiti,1988,insurance,4308,2778,682677,9454458
183edd689dbde8f,santana group,https://kim.com/,haiti,2022,insurance,8873,3117,6661230,5112568
da2fe1267ccbbae,paul ltd,http://www.archer.com/,haiti,1993,insurance,4929,4587,8723969,6047329
78fcb64cb9a9c40,choi daniels and gay,https://www.haynes.com/,haiti,2004,insurance,3410,2078,8612028,9154942
b98b5b8944c73cd,liu inc,http://www.escobar-henry.com/,haiti,1986,insurance,1905,2838,5429864,3318306
ecc3baf0677bf90,holmes-wise,https://www.savage.org/,haiti,2001,construction,5662,2027,5669836,10080244
b943aa9d8d33575,dougherty-tate,http://pace.org/,honduras,1991,construction,8318,4392,7772621,8665013
ea29bafac0fd400,thornton-houston,http://yates.com/,honduras,1983,construction,6436,2219,3353352,11396703
b8a269b56c88826,meadows howard and york,http://www.robertson.info/,honduras,1997,construction,6597,4297,1502117,1348551
e5cab57fff6f4bd,abbott-arroyo,http://delgado.net/,hungary,1994,construction,117,2800,233443,8340194
8b901f70eaf1bbe,chaney-kent,https://edwards-gutierrez.com/,hungary,1972,construction,1075,2078,8454637,8150574
30a079b41f85cf7,horn-blake,https://www.logan.org/,hungary,2017,construction,4156,4640,2765728,5415960
aacadfad1365da3,macias-roth,http://buckley.com/,hungary,1988,construction,6796,3861,1635969,3848480
778fb7e29d989a6,harvey pennington and richard,http://lara.com/,hungary,2016,apparel,3894,2126,4677140,6421655
a68bbe2bdba36e4,harrell wagner and snyder,https://molina-dodson.com/,hungary,2018,apparel,7679,3908,6854445,9101146
3abb3f3bb9c1c3c,wallace-hines,http://www.molina.com/,hungary,2015,apparel,5573,3518,8167336,1180226
a98cb22e83aec1a,yates hines and cohen,http://cooley.com/,hungary,2002,textiles,6926,2772,7520001,1351383
5e94b45be9da540,price and sons,https://www.combs.com/,iceland,1989,textiles,599,3314,1310345,6936648
82def5c9d6f513d,carson-salas,http://www.mullins.com/,iceland,2021,textiles,2253,3003,6440456,8309918
8bb4d87c9e9b58d,livingston stein and byrd,https://jackson.biz/,india,2019,textiles,8578,4692,1463968,7926209
ab2bfec96f40b9b,guerra mays and alvarado,http://www.wilkins.net/,india,2019,textiles,1971,4767,5675297,4344903
61da9fefc27c3a9,ayers-hernandez,https://case.com/,india,1992,textiles,5982,2407,2282191,3275894
e82ec3fefc5ac80,ochoa hodges and jacobson,http://www.herman-daniel.com/,india,2003,textiles,8891,4489,7318503,4892553
c38cf79de2e6b6a,gillespie hatfield and mccarty,http://www.acosta-osborne.com/,indonesia,1982,accounting,5784,2489,4028956,9081123
b3ea88cb559edd6,mckay group,http://baird.biz/,indonesia,2021,apparel,2304,2205,4033433,1571794
cffbc964c8c205d,hernandez ltd,http://todd.info/,indonesia,2003,apparel,795,3672,650323,639291
6de050494d4602b,mathis salazar and ramsey,https://www.wiley-maynard.org/,indonesia,1995,apparel,2781,4346,6490144,595347
e7e1d499c94d9dd,russo-cameron,https://vazquez.org/,indonesia,2012,music,5680,2120,8893871,1043868
3a4fd31d16d2a42,garner-hoover,https://www.armstrong-burch.com/,indonesia,1981,music,6405,3016,3852231,605823
6fb2023d97790c7,dunlap-fritz,http://jennings-kerr.info/,indonesia,1990,music,8677,4346,1084118,5791029
d8bf7aebbbaeef0,tanner-hanna,http://drake-baldwin.com/,indonesia,2020,music,5429,4160,2856227,2752817
dfed388e08b676f,kent-nolan,http://www.sweeney.biz/,indonesia,2007,apparel,7161,3876,1724045,4752850
9fbf69aa2d9aaf1,ballard goodman and boone,http://berger-chen.info/,iran,2019,apparel,6165,3573,6662533,5128854
d9b675d794bba4e,young llc,http://mcintyre-blankenship.org/,iran,1970,apparel,5683,4369,5519984,1901566
a45e805db7feee1,hinton inc,https://www.hurst.info/,iran,2003,accounting,2658,3066,2855460,7391014
7fdeeff01a742de,salas and sons,http://patrick.com/,iran,1991,information technology,2668,4417,7969427,1521906
788906d5eddabe1,lucero-trevino,https://palmer.com/,iran,2018,information technology,6403,3585,2401340,11692314
3dc422c0ac77de1,ford patel and singleton,http://cook.biz/,iraq,2011,information technology,7245,2179,8294545,6604847
64d0598e6f89c12,santiago colon and castaneda,http://hobbs-hull.com/,iraq,1972,information technology,4864,4843,5241490,1602203
aa31e3ecbfb4bb1,payne blevins and bonilla,http://carter.com/,ireland,2012,information technology,7649,2412,6234129,3331956
4fefe84ab8d7ca2,grant llc,http://bass-ellison.info/,ireland,2012,information technology,2368,4782,1799379,1863571
c9d4fb3bebd10bc,esparza inc,https://crawford.com/,ireland,1973,information technology,9246,4400,3321009,11029608
cdf2e85ca8a7cfa,camacho ltd,http://www.leonard.com/,ireland,1982,information technology,8710,4423,8976488,7636541
630effa39f6f50d,stewart group,https://bradford.biz/,ireland,2016,information technology,6085,4880,1051797,6421089
ab2ea15d98b6bd4,strickland gray and jensen,http://kerr.info/,israel,1987,information technology,7020,2737,5586138,10381451
0c6d831e8dcecfe,sparks decker and powell,https://www.howe.net/,israel,1977,information technology,2709,4078,2889656,8005196
a7b73fd2d7a38d0,adkins inc,https://www.nunez.info/,israel,1989,information technology,5338,2616,2471746,6941102
94e7ccbaee6e83a,simon-decker,https://www.cameron-mcdonald.com/,israel,1976,information technology,9686,2685,8317642,5694262
d8ec443ba5419a7,dunlap mccullough and pittman,http://www.paul.com/,israel,2014,information technology,8217,3540,3519560,9695474
bebdbffb7a060b6,gaines gomez and madden,http://www.waters.com/,israel,2008,information technology,1132,4770,6450363,3052627
ff3aeca14f2b61b,hobbs evans and holder,http://www.murillo.com/,italy,2001,information technology,8461,4184,1457167,3793022
c357e7ecee0ec17,jordan duffy and guzman,http://www.richmond.com/,italy,1974,information technology,5201,4674,8099355,2897548
2d66c5bc84d36bf,estes poole and henderson,http://www.humphrey.com/,italy,1981,information technology,5842,3426,6046986,6681930
0502b16c90e7072,shepherd plc,http://bailey.org/,jamaica,1972,information technology,5687,2883,3895169,4453181
062fdfdc5aa37f9,wilkinson pope and roach,http://sawyer.biz/,jamaica,2009,information technology,5959,4143,5364042,11459560
d5a9ace6035f9ce,baldwin warner and russell,http://www.hoffman.biz/,jersey,1997,information technology,7675,4177,2006575,5285533
1aee77abf8647f4,castro-mercer,http://merritt.com/,jersey,1974,information technology,3308,4141,8943028,7345973
8f48cab85ee2dc5,lynch inc,https://www.tanner.com/,jersey,2011,information technology,2050,2621,5672339,6259328
57a23e8bcf9d340,larson and sons,http://www.braun.com/,jersey,1970,information technology,3786,4559,5383846,929413
47344a0d7ded6a5,byrd inc,https://massey-holder.com/,jordan,2016,information technology,3182,2748,2031707,3203072
ce8feac6b8c8e44,simpson macdonald and key,http://www.george.net/,jordan,1998,information technology,3289,2289,8913489,1303623
0aa03de0f49f09d,calhoun and sons,http://www.young.com/,jordan,1999,information technology,5723,3627,1430971,1960366
e86e20273da5da7,dixon ltd,http://soto.com/,jordan,2018,information technology,1397,2120,5805099,2553964
73fac61efec51cd,bass mcintosh and harrison,http://lucero-bruce.com/,jordan,1983,information technology,2712,3134,8831323,6299703
eec9cebd4cdfd4e,lam group,http://koch.org/,kazakhstan,2006,information technology,2760,2853,5076164,7689670
95e2fc82ca04a9b,escobar gilmore and mahoney,http://www.carey.com/,kazakhstan,1988,information technology,5975,4694,5389313,574143
a4fecc8bb7aff7b,fritz ltd,http://padilla-morales.net/,kazakhstan,1975,information technology,7020,3323,3320507,5059006
41ef2a0f35c4fa7,porter schaefer and fields,http://colon.net/,kazakhstan,2005,information technology,6742,4663,4183530,8420396
4daeeda7cbc40a1,serrano moses and ho,https://serrano.info/,kenya,1974,information technology,5247,4277,3356466,9397300
2dc933bd78efeca,schroeder llc,https://case-jacobson.org/,kenya,1979,information technology,1185,2682,747224,671239
effe2cb0aacfdfb,morris villegas and english,http://www.stephenson.com/,kenya,2021,textiles,9089,2619,4766495,11671960
cdfbabdd3ae5ca1,mills-clements,https://newton.com/,kenya,1988,textiles,8674,2524,6585996,8576501
52bc0070051fbf9,potter-solis,http://riley.biz/,kenya,1993,textiles,4209,3490,7603084,2901475
c82cee1027a60e8,powell group,https://mcclain.com/,kenya,2013,textiles,5802,4158,4136914,7475422
9abeb8aafd25e04,houston and sons,http://mcgee.com/,kenya,1981,textiles,5355,2580,3157122,1649225
cbbb2861c47e17d,mendoza plc,http://rodgers.com/,korea,1986,textiles,4233,4102,5712408,1007719
a24dfd5ad79c3a7,mccullough-zavala,http://www.thornton.biz/,korea,1993,textiles,8897,2802,6350258,9695178
734ae2a83a2c3dc,sherman-sutton,https://www.wu.biz/,korea,1972,textiles,3488,4825,2547257,8980216
53b148affae7f4c,case luna and ballard,https://www.odonnell.com/,korea,1976,textiles,1202,4657,2935950,1348002
529e8d003d34c28,newman medina and luna,http://www.curtis.com/,korea,1971,textiles,876,3957,5203167,11455954
6426a5886e94bcd,grimes plc,http://www.manning.com/,korea,2005,textiles,3070,2009,7832841,9772717
8bbc7a4ba6388f6,peters booker and ramirez,http://www.mcdowell.com/,korea,1976,textiles,4559,2542,6747488,5119607
51ccd5cdfdba968,morrison-ramos,http://www.ray-johnson.info/,korea,1988,textiles,1587,3526,7120493,9549672
ed8de6f5f3a97db,livingston ltd,https://www.holt.biz/,korea,1994,insurance,5395,3830,951671,1233660
efec11ca6a7f3a0,castro-hill,http://www.ewing.com/,korea,1992,insurance,4155,4791,4726172,6951515
ddce8f6ec509efd,wiley-mcdaniel,https://www.mcmahon.com/,korea,1993,insurance,7175,4448,4546821,9856052
afc46d7facecd9b,blevins compton and peck,https://melendez.org/,korea,1996,insurance,9178,2030,4982206,9654599
94122a41a8a8481,charles velazquez and woods,http://wilkins.org/,korea,2010,insurance,6922,2373,2295912,6830430
3fc5f6509b65987,mercer arroyo and camacho,https://salinas-oconnell.com/,korea,2018,insurance,5253,3601,5181830,4198582
47ebb7eafe0b9b8,clayton-kelly,https://www.cole-williamson.net/,korea,2013,insurance,4691,3906,8856921,8052192
cfc7683a8cee57d,armstrong-griffith,https://www.vaughan.biz/,korea,2020,information technology,8509,2038,8676767,6255163
a8954a402a90e7f,norman christian and johnston,https://www.dorsey.org/,korea,2000,information technology,2685,4920,1727833,9737117
f735adc8e8d53f4,giles ingram and figueroa,http://kim-frank.net/,korea,1976,information technology,9719,3241,7803980,4687791
ab2db5c6c1a2a36,ochoa-vaughn,http://www.gardner.com/,korea,2007,information technology,4342,3553,2970284,6547227
e3f8efc10ad96e9,robbins-contreras,https://boyer-nicholson.com/,korea,1998,information technology,2330,4532,6628780,1916160
c3ea6c9a31edf44,sanchez-bell,https://www.grant-duffy.com/,korea,1987,information technology,9240,4064,8434071,1306806
c48febcf2558dec,david whitaker and sweeney,http://www.roach-conner.com/,korea,1972,information technology,3123,3498,7464012,4134959
db6109ab9fff8f4,richard-conway,https://www.cisneros.com/,korea,1988,information technology,9510,3405,1405265,4246826
d9a26d0e83cbbce,bradshaw-navarro,http://roberts.com/,latvia,2003,information technology,3113,2627,347307,7625948
9e9ec3be1ded6d1,daniels hester and spence,http://www.kent.com/,latvia,1980,information technology,6822,4400,7336499,8318891
89d4ed3f2bd8cdc,mercado ltd,https://www.novak-mccarthy.com/,lebanon,1971,information technology,4759,4172,7394230,6652373
c158808ca005a75,mullins cook and webb,https://www.henson-farmer.com/,lebanon,1998,information technology,4556,4318,5224549,9619011
6bc62f2c0fcfb43,horne hartman and flowers,http://www.erickson.net/,lebanon,1970,information technology,1312,4014,7701695,5846806
b4ff489acfe154d,rosales inc,http://ware-castillo.com/,lebanon,1986,information technology,4470,2789,3938387,8736624
df3b3ed4193d90f,golden-riddle,https://hancock-finley.com/,lebanon,1982,information technology,4864,3800,3799481,11556916
b4af39efb508dee,mccann-mcguire,http://www.fleming-farrell.org/,lesotho,1970,textiles,5800,4210,6901980,769161
1d1a0fbb82a912b,avila-nelson,http://quinn-hammond.com/,lesotho,2012,textiles,2235,3298,5265917,5853093
680dca425fdbb9b,howe group,https://www.foster.net/,lesotho,1987,textiles,2895,3754,4192622,10290626
